Timestamp,Consumo,Temperatura,Umidade,Radiacao,Feriado
2018-07-07,57.44642,21.82990004863712,64.1803738317757,2310.7654981549813,False
2018-07-08,51.79565,21.514721973766896,64.91340782122904,2326.1466789667898,False
2018-07-09,58.6304,20.33266448126593,66.5,2229.475046210721,False
2018-07-10,60.82406,18.71579530153236,67.57089552238806,2201.611049723757,False
2018-07-11,60.62092,18.475092336611336,66.09647495361781,2366.0238970588234,False
2018-07-12,60.90685,19.33749303760936,64.05514018691589,2419.258225508318,False
2018-07-13,61.24131,20.64654927725488,61.66511194029851,2421.0259191176474,False
2018-07-14,56.8616,21.535013531358043,62.03896103896104,2476.666361974406,False
2018-07-15,51.51006,22.249103828068453,61.44795539033457,2479.040992647059,False
2018-07-16,60.56621,22.35952431867497,61.615671641791046,2413.367830882353,False
2018-07-17,62.29262,22.246093582627545,62.88432835820896,2417.436513761468,False
2018-07-18,62.5157,22.42470742965076,62.35940409683426,2472.598899082569,False
2018-07-19,62.8996,22.59256983161526,61.19557195571956,2546.4572212065814,False
2018-07-20,62.92273,22.16993087480232,62.50092592592593,2448.166361974406,False
2018-07-21,57.73046,20.359427477153496,62.73694029850746,2552.205474452555,False
2018-07-22,51.92358,20.563879307619604,64.26987060998151,2404.240145985402,False
2018-07-23,61.04704,21.78758063886651,62.63031423290203,2474.6748175182483,False
2018-07-24,62.42178,21.09013942877382,64.56868131868131,2350.27009009009,False
2018-07-25,62.18261,20.98424421440541,65.78216911764706,2333.991877256318,False
2018-07-26,62.35786,21.2158352835872,65.14781021897811,2430.248736462094,False
2018-07-27,62.39846,21.347443216603303,63.77930402930403,2481.1054347826084,False
2018-07-28,57.76448,22.06429754045244,62.00920810313075,2441.5569090909094,False
2018-07-29,52.55284,21.923644310839965,61.2211009174312,2583.0340579710146,False
2018-07-30,61.71394,21.58692478447371,61.74588665447897,2531.496195652174,False
2018-07-31,62.50198,21.21508284718196,64.4580291970803,2430.9983695652177,False
2018-08-07,61.99556,21.73112554188813,66.71743119266056,2456.322545454545,False
2018-08-08,62.6803,22.27322917378556,66.71897810218978,2326.525724637681,False
2018-08-09,62.88748,21.41601865334639,66.94332723948811,2430.3922101449275,False
2018-08-10,62.17665,20.455677023630425,62.85480943738657,2713.1324863883847,False
2018-08-11,57.09061,20.88821392382134,60.5200364298725,2751.184727272728,False
2018-08-12,51.01071,21.52443198817943,59.14377289377289,2808.037704918033,False
2018-08-13,60.67117,22.09241778575454,59.44587155963303,2760.3067395264115,False
2018-08-14,62.531940000000006,22.41183025936505,59.45680147058823,2759.9436131386865,False
2018-08-15,62.21099,21.796859756822,63.03467153284672,2513.7112932604737,False
2018-08-16,62.37339,21.60268571175705,66.12522686025409,2296.8350180505417,False
2018-08-17,62.36981,21.70740857307405,67.09510869565217,2440.14434470377,False
2018-08-18,57.47511,21.976704871665618,65.03532608695652,2630.9159784560143,False
2018-08-19,52.086,22.474441879549577,62.978142076502735,2695.369189189189,False
2018-08-20,61.20668,21.48403654376116,64.01361161524501,2584.9517055655297,False
2018-08-21,62.75082,20.65507274310536,65.05045871559633,2554.5221415607984,False
2018-08-22,62.87213,20.95885924697929,66.24728260869566,2451.735985533454,False
2018-08-23,63.36561,22.573739086838504,62.89673913043478,2841.3081227436824,False
2018-08-24,64.07448,23.72548365252871,61.77504553734062,2588.643942133816,False
2018-08-25,58.15236,21.892700402559395,62.939890710382514,2589.7679347826083,False
2018-08-26,51.70898,20.714224924808548,60.97905282331512,2762.1308664259927,False
2018-08-27,60.36023,20.859199692385943,60.88203266787659,2786.253249097473,False
2018-08-28,61.86062,22.170153354083897,62.025454545454544,2792.203623188406,False
2018-08-29,62.3774,23.256112064981508,60.418330308529946,2890.381407942238,False
2018-08-30,62.89731,23.666692893118285,58.61657559198543,2897.087050359712,False
2018-08-31,63.58593,23.724686773417304,58.52007299270073,2788.730990990991,False
2018-09-07,55.3123,22.97283651540359,57.86770072992701,3020.9810564663026,True
2018-09-08,54.79437,23.14860772717806,56.70496323529412,3081.704181818182,False
2018-09-09,51.80853,23.10974352594718,57.55871559633027,3013.367150635209,False
2018-09-10,61.524260000000005,23.35349738726096,58.29578754578755,2965.404,False
2018-09-11,63.60445,23.59246240175245,58.65837937384899,2894.4241818181818,False
2018-09-12,63.89877,23.69902261512246,59.40441176470589,2811.771818181818,False
2018-09-13,64.18668,23.624486705057848,60.81985294117647,2628.6359633027523,False
2018-09-14,63.368010000000005,22.717126592170786,66.36924493554328,2396.105839416058,False
2018-09-15,58.16349,22.925164300054167,67.32636363636364,2666.427207207207,False
2018-09-16,52.66237,23.56204031171395,66.45628415300547,2722.2297833935017,False
2018-09-17,61.622020000000006,23.1630538738467,70.85688073394495,2155.6416666666664,False
2018-09-18,63.74464,24.022512573435858,67.07129798903108,2670.208333333333,False
2018-09-19,65.00543,24.777719392292905,64.73853211009174,2847.712159709619,False
2018-09-20,63.81298,23.86573587999166,67.26648351648352,2530.887295825771,False
2018-09-21,64.55129,24.378377317133964,64.50453720508168,3070.675270758123,False
2018-09-22,60.10517,25.70020294445503,60.26094890510949,3212.3227436823104,False
2018-09-23,55.10439,25.95649020442736,59.48080438756856,3105.3690217391304,False
2018-09-24,65.54233,25.828883453847087,59.9743119266055,2990.112658227848,False
2018-09-25,67.10797,25.080293984858063,62.64963503649635,2850.3278985507245,False
2018-09-26,67.62167,25.39067512196936,62.252285191956126,3023.795840867993,False
2018-09-27,67.29294,25.04874146055812,63.5985401459854,2809.9635701275047,False
2018-09-28,66.08883999999999,25.08254898600427,64.60109289617486,2887.2163339382937,False
2018-09-29,60.91501,25.6856375155314,63.51467889908257,2923.6443430656936,False
2018-09-30,54.85159,24.97212520349248,66.79151291512915,2636.401275045537,False
2018-10-07,52.58125,23.71313853008992,69.31318681318682,2641.220947176685,False
2018-10-08,63.479980000000005,24.719006780275045,67.91681901279708,2774.450182481752,False
2018-10-09,66.07961999999999,25.25955068717359,65.3121546961326,2982.369090909091,False
2018-10-10,66.65246,24.95429638019992,65.6460258780037,2908.905893186004,False
2018-10-11,65.74946000000001,24.68560587703446,66.18589743589743,2862.898181818182,False
2018-10-12,57.82089,25.072648881609933,65.39853747714808,2949.269945355192,True
2018-10-13,59.01472,25.61506668084243,65.44698354661791,2911.475547445256,False
2018-10-14,54.88607,25.10029007554164,67.02941176470588,2946.256909090909,False
2018-10-15,63.95788,24.818323641816004,68.5,2828.6845173041897,False
2018-10-16,66.22735,24.766597051975094,70.45748613678373,2696.314259597806,False
2018-10-17,67.09931,25.30028261865075,70.23529411764706,2831.435347985348,False
2018-10-18,67.38247,25.57231529440542,68.8003663003663,2960.0363802559414,False
2018-10-19,66.13386,24.675539467387537,69.42752293577982,2895.238391224863,False
2018-10-20,59.44066,24.13559947941329,66.2167577413479,3175.358439201452,False
2018-10-21,52.88173,23.05742121408269,66.90892531876139,2958.469708029197,False
2018-10-22,63.36737,23.77110753284725,67.15693430656934,3092.5003636363635,False
2018-10-23,66.17250999999999,24.736008007129733,66.41605839416059,3099.8528233151183,False
2018-10-24,65.38558,24.200854876253945,70.43886861313868,2642.270727272727,False
2018-10-25,65.13076,24.330848645916387,71.90346083788707,2551.838336347197,False
2018-10-26,65.67622,25.04396393426995,69.98813868613139,2857.822463768116,False
2018-10-27,60.60582,25.07469961614672,68.41240875912409,3010.8214801444046,False
2018-10-28,53.53507,24.148378022505103,66.8400365630713,3120.588747731397,False
2018-10-29,63.04779,23.95289911859644,68.07769652650822,2977.908363636364,False
2018-10-30,65.77358,24.961085695968208,67.74410163339383,3077.4877034358046,False
2018-10-31,66.76982,25.260328925064822,68.40834845735027,2915.573021582734,False
2018-11-07,65.08588,24.22629983380889,71.09191176470588,2833.027504553734,False
2018-11-08,63.9038,23.521662247907184,72.8690036900369,2540.0021978021978,False
2018-11-09,64.13098000000001,23.56384495205914,72.775,2520.9277879341867,False
2018-11-10,60.26147,24.2357693722756,72.0939226519337,2675.453636363636,False
2018-11-11,55.84009,25.15623998841852,68.57578558225508,3149.721675774135,False
2018-11-12,67.15564,25.871234082001507,66.95269016697588,3214.3078754578755,False
2018-11-13,69.75783,26.29661264096352,66.73933209647495,3193.604411764706,False
2018-11-14,70.14475999999999,25.867864084375,68.01669758812616,3024.6952380952384,False
2018-11-15,62.69881,25.51560842509708,67.75324675324676,3242.037384898711,True
2018-11-16,65.08197,25.18859001323125,69.3578154425612,3064.9488847583643,False
2018-11-17,60.08585,24.965856410603887,69.07142857142857,3045.1791127541587,False
2018-11-18,55.60463,25.02132684630831,69.25093283582089,2877.0762430939226,False
2018-11-19,63.62195,24.130311048697138,68.51401869158879,2905.057855822551,False
2018-11-20,62.82662,23.97557836153256,69.28119180633148,2870.8053113553115,False
2018-11-21,64.51993,24.41216001336527,68.9721706864564,2846.6781818181817,False
2018-11-22,66.51403,24.979971353955104,68.13837638376384,3016.563071297989,False
2018-11-23,67.32136,24.720751541570763,70.8830570902394,2606.2888482632543,False
2018-11-24,61.0755,24.03122260887139,73.98979591836735,2513.964403669725,False
2018-11-25,55.3036,24.11288422252349,71.85859519408503,2743.87871559633,False
2018-11-26,63.80405,23.79309377884656,72.22718808193669,2762.320073664825,False
2018-11-27,64.85718,23.946036585423787,70.89502762430939,3011.7932481751823,False
2018-11-28,65.92547,24.45984835177175,69.63461538461539,3011.480217785844,False
2018-11-29,67.23582,24.754466720631942,69.83088235294117,3047.868909090909,False
2018-11-30,67.47923,24.687049845362377,71.44761029411765,2921.804181818182,False
2018-12-07,65.35177,24.03487731353924,69.37937384898711,3034.405081669692,False
2018-12-08,57.94408,23.24680401664565,68.43462246777163,3186.3183303085298,False
2018-12-09,52.73778,23.01327608086909,69.15193370165746,2961.3169398907103,False
2018-12-10,63.96934,24.1330674262978,69.28021978021978,3015.390727272727,False
2018-12-11,67.91696,25.413570587632268,66.32439926062847,3243.023400365631,False
2018-12-12,69.47685,25.66548400991197,65.86924493554328,3262.8096715328466,False
2018-12-13,69.8975,25.301038885713805,66.84346224677716,3352.285299455535,False
2018-12-14,69.91488000000001,25.625437898528087,65.89266055045871,3277.3365454545456,False
2018-12-15,64.23733,25.511050464946223,66.81985294117646,3245.6703096539163,False
2018-12-16,58.9504,25.68766325181243,66.59317343173431,3434.186703096539,False
2018-12-17,69.94842,26.060504758842253,66.72477064220183,3305.710363636364,False
2018-12-18,70.42209,25.73607281894372,67.90515653775323,3208.779090909091,False
2018-12-19,69.4251,25.782015388786185,67.59742647058823,3273.106204379562,False
2018-12-20,69.31689999999999,26.090008479582387,66.23161764705883,3307.406170598911,False
2018-12-21,67.9123,25.72650175384208,66.96691176470588,3209.484782608696,False
2018-12-22,62.4757,25.52505813976618,67.61090573012939,3220.799272727273,False
2018-12-23,57.46399,24.98734924038424,70.0839483394834,3149.1381386861312,False
2018-12-24,56.71984,24.44125231186104,72.3342541436464,2966.729818181818,False
2018-12-25,50.34846,24.50645061817361,71.62248628884826,3095.0164556962027,True
2018-12-26,59.16892,24.58416398188601,71.83638025594149,3069.288969258589,False
2018-12-27,61.19679,24.732266797165607,72.23175182481752,3022.731147540984,False
2018-12-28,62.00321,25.02641339212978,72.10220994475138,3028.792883211679,False
2018-12-29,59.20309,25.054848404785773,71.82255083179298,3056.718795620438,False
2018-12-30,56.02186,25.23037201391548,71.80406654343808,3097.8846435100545,False
2018-12-31,56.82804,25.353153721777865,71.98154981549816,3116.455172413793,False
2019-01-01,52.92599,25.610229864728904,70.59235074626865,3290.2847426470585,True
2019-01-02,64.2733,26.362949259852066,68.66231343283582,3413.074542124542,False
2019-01-03,68.20124,26.49251374625,67.20204841713222,3300.2833333333333,False
2019-01-04,67.22842999999999,25.66687263080656,69.46828358208955,3143.228044280443,False
2019-01-05,61.27545,24.845005548523943,72.67943925233645,2841.2007366482503,False
2019-01-06,56.76817,25.00127410624314,71.86516853932584,3053.2876155268023,False
2019-01-07,67.25614,25.36859923123993,70.77425373134328,3000.8648798521253,False
2019-01-08,69.56527,25.35792165171404,70.13815789473684,3107.231423290203,False
2019-01-09,70.15269,25.3638682124098,69.33081285444234,3155.971799628943,False
2019-01-10,69.94607,25.02197915291981,69.68773584905661,3053.8296641791044,False
2019-01-11,69.47486,25.000767657445337,69.44318181818181,3222.16052141527,False
2019-01-12,63.74143,25.021734022304976,69.63894139886578,3258.377094972067,False
2019-01-13,58.46112,25.318062805535146,69.06132075471699,3379.244795539033,False
2019-01-14,69.67878,25.495247345929894,69.70532319391636,3244.809737827716,False
2019-01-15,71.64116,25.859362158123968,68.88140417457305,3362.4586142322096,False
2019-01-16,72.76055000000001,26.276727922198976,67.70152091254752,3342.8619850187265,False
2019-01-17,72.43224000000001,26.20817586074284,67.84885931558935,3233.790654205608,False
2019-01-18,71.71873,25.58043385635817,70.06965648854961,3156.052523364486,False
2019-01-19,64.95755,25.280065642072383,70.08301526717557,3176.917415730337,False
2019-01-20,59.36464,25.323569056591342,69.3647619047619,3272.7988785046728,False
2019-01-21,71.13933999999999,26.16570027418364,67.17714285714285,3428.4112781954886,False
2019-01-22,73.83973999999999,26.653894268901563,65.69252873563218,3458.4338374291115,False
2019-01-23,74.50585000000001,26.760968997118223,66.36590038314176,3308.2871939736347,False
2019-01-24,73.51665,26.07395662395789,67.54711538461538,3307.381142857143,False
2019-01-25,71.06026,25.70745570671524,68.45977011494253,3288.482765151515,False
2019-01-26,63.55095,25.1288311844622,69.96353166986565,3172.6899621212124,False
2019-01-27,58.55595,25.18085222398126,69.4952380952381,3192.193644859813,False
2019-01-28,70.76163000000001,25.78555972716861,67.79238095238095,3282.5489719626166,False
2019-01-29,74.14764,26.485462499823708,65.54158790170132,3372.463197026022,False
2019-01-30,75.17871,26.856498321562206,63.58568738229755,3485.3141527001862,False
2019-01-31,75.13685000000001,26.76630286673227,63.53904761904762,3451.195849056604,False
2019-02-01,74.57622,26.753680702405195,63.88263358778626,3422.681663516068,False
2019-02-02,67.64425,26.337585611005185,65.84291187739464,3255.365094339623,False
2019-02-03,60.88729,25.8041148193818,67.25862068965517,3167.246037735849,False
2019-02-04,68.20752,24.9796055434132,69.3247619047619,3099.4340866290017,False
2019-02-05,67.29562,24.49505830670126,71.68199233716476,2973.175855513308,False
2019-02-06,66.27964999999999,24.230168113128823,73.17112810707457,2882.71186440678,False
2019-02-07,66.50464,24.69347550779436,71.73900573613767,3131.952354048964,False
2019-02-08,68.47777,25.583212934094096,69.08633776091082,3344.1883895131086,False
2019-02-09,64.11353,26.16112257326336,67.96768060836501,3318.3001879699245,False
2019-02-10,59.47923,25.97000141535476,69.67816091954023,3083.266729678639,False
2019-02-11,71.18095,26.3395969430528,68.84250474383302,3273.834333958724,False
2019-02-12,71.30445999999999,25.50192397901529,70.53238095238095,2962.045574387947,False
2019-02-13,67.97734999999999,24.629219373504235,72.40458015267176,2776.6922787193976,False
2019-02-14,66.97424000000001,24.41369795059013,72.85066162570888,2822.627663551402,False
2019-02-15,66.63259,24.33188377378381,75.12121212121212,2650.0202979515825,False
2019-02-16,60.59667,24.217097645028524,76.086011342155,2614.947211895911,False
2019-02-17,55.33337,24.20805745455209,75.60246679316889,2732.185046728972,False
2019-02-18,66.30587,24.62126126889337,74.63851992409867,2917.5966292134835,False
2019-02-19,68.24395,24.864079401237795,73.35754716981133,3112.823925233645,False
2019-02-20,69.46351,25.191190090200603,72.26172607879926,3174.391094619666,False
2019-02-21,69.08111,25.2701864923857,72.22616822429906,3112.165055762082,False
2019-02-22,69.84916,25.555229954597056,71.01792452830189,3260.9494402985074,False
2019-02-23,65.27359,26.15800864624294,69.39774859287054,3321.824349442379,False
2019-02-24,60.29233,26.24455316473514,69.32956685499059,3251.8268156424583,False
2019-02-25,69.61554,25.38915520023451,71.66355140186916,2965.633086876155,False
2019-02-26,67.52617,24.072508097609614,74.43502824858757,2811.797579143389,False
2019-02-27,67.32539,23.859788062580364,74.4773156899811,2913.566914498141,False
2019-02-28,66.92157,24.18410334236541,73.17289719626169,2980.966111111111,False
2019-03-01,66.25036,24.36539736410985,72.22598870056497,3053.532096474953,False
2019-03-02,60.34584,24.68266663893894,71.64783427495291,3027.782681564246,False
2019-03-03,54.88929,24.657161755475208,71.34586466165413,3095.088454376164,False
2019-03-04,59.12796,24.808049738004925,72.78853383458646,3060.138661710037,False
2019-03-05,59.93157,25.030091595442016,72.9461247637051,3074.0684112149534,True
2019-03-06,65.67974000000001,24.959042695138056,72.7528409090909,3131.363533834586,True
2019-03-07,68.98603,25.12055137059848,72.12713472485768,3134.5501879699245,False
2019-03-08,69.79641000000001,25.55947136747689,71.01425855513308,3183.622889305816,False
2019-03-09,64.29772,25.259505726375465,71.40344168260039,3089.1192452830187,False
2019-03-10,57.90807,24.89564370326304,71.45920303605313,3149.0818867924527,False
2019-03-11,66.18853,24.41266089529039,72.6847619047619,2981.441477272728,False
2019-03-12,67.8369,24.66249050751849,72.95722433460077,2985.093572778828,False
2019-03-13,68.92101,24.90835423389427,73.36095238095238,2954.188721804512,False
2019-03-14,69.20061,24.9474240028859,73.16380952380952,3026.2195488721804,False
2019-03-15,68.8309,25.091529170983947,72.60018903591683,3072.127016885553,False
2019-03-16,62.39726,25.03047741439056,73.64895635673625,2927.615977443609,False
2019-03-17,56.73494,25.00173579482611,74.03041825095058,2846.5062146892656,False
2019-03-18,68.05639,25.3999346299462,73.32699619771863,2976.669360902256,False
2019-03-19,70.01588000000001,25.703447795584268,71.7750472589792,3181.3287850467286,False
2019-03-20,68.73055000000001,24.7833155879916,74.3609022556391,2755.178252788104,False
2019-03-21,65.34105000000001,23.365712891173203,76.87476635514018,2450.713543599258,False
2019-03-22,63.85817,23.152834733577563,76.0,2649.5122222222226,False
2019-03-23,59.22665,23.6974820408535,74.07486136783734,2917.30773480663,False
2019-03-24,54.92953,24.274112224899177,72.97777777777777,2917.2491712707183,False
2019-03-25,65.22691999999999,24.25551826030221,71.53611111111111,3000.911376146789,False
2019-03-26,66.93791999999999,24.043248982471155,71.98710865561694,2953.637981651376,False
2019-03-27,66.62997999999999,23.98939801898511,72.83241252302025,2929.8998165137614,False
2019-03-28,66.02136,24.18700405240008,73.69741697416974,2842.1321755027425,False
2019-03-29,65.11018,24.293382857686808,72.69152854511971,2907.656043956044,False
2019-03-30,59.52955,24.29761238754521,71.64114391143912,3009.228884826325,False
2019-03-31,54.47338,24.396434520170885,71.71771217712177,2939.694515539305,False
2019-04-01,64.83603,24.464360403869843,72.17343173431735,2863.1284153005463,False
2019-04-02,66.72638,24.65926980866605,71.49908088235294,2965.190875912409,False
2019-04-03,67.877,24.79713164560244,72.73062730627306,2878.003113553113,False
2019-04-04,68.77832000000001,24.953443240397085,73.88121546961327,2804.771897810219,False
2019-04-05,68.76029,24.70153131568796,75.85185185185185,2579.9574817518246,False
2019-04-06,61.99644,23.745122727088585,78.00833333333334,2449.5309523809524,False
2019-04-07,55.85605,23.654160306235443,77.71388888888889,2457.4946886446887,False
2019-04-08,64.79792,23.59565530562613,76.25046210720888,2637.412204007286,False
2019-04-09,64.90246,23.552075213945606,75.0,2789.806569343066,False
2019-04-10,64.97541,23.60710278462942,74.95277777777778,2801.4863720073668,False
2019-04-11,65.53636,23.78372114428181,73.94907407407408,2836.780586080586,False
2019-04-12,66.04852000000001,24.029125108446497,73.00927643784787,2890.0636697247705,False
2019-04-13,61.06669,24.318267933092088,74.0909090909091,2780.6946886446885,False
2019-04-14,55.0886,24.35988221656545,75.84794776119404,2573.403148148148,False
2019-04-15,65.09492,24.56968233726488,74.44216417910448,2772.7760667903526,False
2019-04-16,66.33138000000001,24.25754068649207,76.34579439252336,2538.913653136531,False
2019-04-17,66.29735000000001,24.08155751135845,73.48311444652909,2829.748339483395,False
2019-04-18,65.21028,24.286106107316364,70.40316573556797,2995.231053604436,False
2019-04-19,54.95561,24.33028324212324,70.04878048780488,2923.639813084112,True
2019-04-20,56.28117,24.34431746520354,71.33333333333333,2692.333208955224,False
2019-04-21,53.51982,24.141289864913976,73.03195488721805,2595.487005649717,True
2019-04-22,64.79744000000001,23.848981834406487,74.30243445692884,2560.904283054004,False
2019-04-23,66.24273,24.040762158367247,74.80018761726079,2629.237126865672,False
2019-04-24,67.42822,24.43143390428363,73.72607879924954,2745.186194029851,False
2019-04-25,67.96861,24.571847028769188,73.3768656716418,2634.756007393715,False
2019-04-26,67.94031,24.640600838555205,73.23358348968105,2668.769758812616,False
2019-04-27,62.35092,24.593323373266497,73.53624535315986,2563.160332103321,False
2019-04-28,56.17264,24.15831813967946,73.1657355679702,2617.4074074074074,False
2019-04-29,64.57515,23.63666776504789,72.56052141527002,2759.400368324125,False
2019-04-30,65.50595,23.70161816510085,73.06915887850467,2706.9775925925924,False
2019-05-01,57.02391,23.54794898104429,75.07276119402985,2404.903345724907,True
2019-05-02,64.87819,23.91284114268169,74.94589552238806,2525.6022222222223,False
2019-05-03,66.42266000000001,24.404770600806167,75.19573283858998,2470.1974169741698,False
2019-05-04,61.10838,24.62495754475244,73.91187384044527,2558.4555350553505,False
2019-05-05,56.22456,24.746855041094825,72.36270871985158,2681.235501858736,False
2019-05-06,66.50408,24.50095050775853,71.88981481481481,2603.044897959184,False
2019-05-07,66.89997,24.086654994419582,72.12290502793296,2593.4390018484287,False
2019-05-08,65.64695,23.868507651921163,73.67411545623835,2460.088475836432,False
2019-05-09,65.48837999999999,23.84682790304764,73.71869158878505,2398.9399628252786,False
2019-05-10,65.54813,23.92763895489214,74.32771535580524,2307.5756505576205,False
2019-05-11,60.50301,23.840540360896927,74.1672932330827,2279.738547486034,False
2019-05-12,54.49969,23.42808106553413,74.57988721804512,2354.116604477612,False
2019-05-13,64.34837,23.19292693197073,75.69491525423729,2245.94879406308,False
2019-05-14,65.30508,22.621283241809977,73.74766355140187,2430.638289962825,False
2019-05-15,63.60958,21.885167053230504,74.73880597014926,2348.159962756052,False
2019-05-16,62.85642,21.726293414726285,76.06902985074628,2199.522304832714,False
2019-05-17,61.83504,21.54286073680706,77.5401119402985,2071.1795918367347,False
2019-05-18,56.46396,22.13873310500376,75.54213483146067,2319.7347583643123,False
2019-05-19,51.82724,22.52186663306256,73.44402985074628,2457.5723562152134,False
2019-05-20,61.21655,22.73878180166997,71.23977695167287,2545.502025782689,False
2019-05-21,63.05697,22.853022013933245,71.54545454545455,2415.3659300184163,False
2019-05-22,63.63817,22.90702147980713,71.68621973929237,2350.227306273063,False
2019-05-23,63.96401,22.645412672791046,72.42213883677299,2310.3355018587363,False
2019-05-24,63.51002,21.89175974722444,73.2122905027933,2244.9736549165123,False
2019-05-25,57.65872,21.19398062216568,70.9547134935305,2560.3282003710574,False
2019-05-26,52.42272,21.63515778888078,69.66326530612245,2631.473420074349,False
2019-05-27,61.77823,22.642735603317806,69.71361940298507,2440.671880819367,False
2019-05-28,63.89161,23.141786374486585,71.50842696629213,2321.065671641791,False
2019-05-29,64.43603,23.27723942703795,71.74208566108007,2432.8797773654915,False
2019-05-30,65.00076,23.41462232115365,72.15262172284645,2260.162661737523,False
2019-05-31,64.85378,23.400462382796377,70.77434456928839,2301.247309833024,False
2019-06-01,59.38468,23.11573943376689,71.37546816479401,2312.488311688312,False
2019-06-02,53.5718,22.80356586083,71.65055762081785,2303.208655616943,False
2019-06-03,61.97735,22.04970216240393,72.29119850187266,2317.5886827458257,False
2019-06-04,62.04416,20.94152856933952,69.84392523364485,2544.174953617811,False
2019-06-05,61.43320000000001,20.15327285116634,68.1044776119403,2529.803165735568,False
2019-06-06,61.65623,20.6253432025454,68.27204502814259,2469.66785046729,False
2019-06-07,61.67868,21.04716445429297,67.66353383458646,2464.43147113594,False
2019-06-08,56.87766,21.144404815889096,68.06754221388368,2389.5198884758365,False
2019-06-09,51.66094,21.42565002937471,67.49058380414313,2456.9309124767224,False
2019-06-10,60.67435,21.629649360359927,68.60767790262172,2362.5335807050096,False
2019-06-11,62.58085,22.063111415236023,68.63533834586467,2415.2003731343284,False
2019-06-12,63.01172,22.40308145393962,69.18003731343283,2331.8578066914497,False
2019-06-13,63.24723,22.881972813534087,68.6196261682243,2318.8187384044527,False
2019-06-14,63.68349,23.024830460767312,67.44413407821229,2370.387777777777,False
2019-06-15,58.81385,22.94127705083283,66.45420560747664,2407.63570093458,False
2019-06-16,52.93508,22.565214116720696,66.3964552238806,2375.67843866171,False
2019-06-17,61.6952,22.03915579674445,68.33239700374531,2325.467843866171,False
2019-06-18,62.8164,21.966441426180904,69.21869158878505,2298.108938547486,False
2019-06-19,62.95584,22.00342628739466,67.01498127340824,2391.2527777777777,False
2019-06-20,56.589870000000005,21.575675846002827,66.95131086142322,2488.659814814815,True
2019-06-21,59.07164,21.60686652120052,67.60767790262172,2426.9944237918216,False
2019-06-22,55.530370000000005,21.638923745722707,67.16728971962617,2414.042750929368,False
2019-06-23,51.07521,21.623518095222177,66.90636704119851,2453.099256505576,False
2019-06-24,59.73158,21.850029293082272,65.85727611940298,2442.825231910946,False
2019-06-25,62.48814,22.211043402374614,64.68667917448406,2430.851769087524,False
2019-06-26,63.22829,20.95549278683042,66.16447368421052,2224.2338289962827,False
2019-07-01,61.93991,21.873935173589388,67.33333333333333,2323.600555555556,False
2019-07-02,63.30307,21.338725833836985,67.23333333333333,2327.4988950276243,False
2019-07-03,63.52447,21.72974319267652,65.29981549815498,2372.7113970588234,False
2019-07-04,63.31441,21.09077098677332,66.56493506493507,2277.7580406654347,False
2019-07-05,62.26302,20.18363386685111,67.99536178107607,2247.428703703704,False
2019-07-06,55.88809,18.07069149279277,64.24630996309963,2554.5470370370367,False
2019-07-07,50.063120000000005,17.284438992009708,62.853321033210335,2489.133641404806,False
2019-07-08,57.56728,18.271744467154097,64.24582560296847,2450.256957328386,False
2019-07-09,58.24591,19.34076430997382,63.48886827458256,2493.856111111111,False
2019-07-10,60.08828,19.926636221984467,63.79182156133829,2481.6078066914497,False
2019-07-11,60.53693,20.624624462341043,63.05442804428044,2515.336363636364,False
2019-07-12,60.62831,21.21862439934776,61.997232472324725,2506.746210720887,False
2019-07-13,55.96817,21.71923883488085,62.79406307977737,2439.733580705009,False
2019-07-14,51.21839,21.885470145071967,62.79275092936803,2408.5669158878504,False
2019-07-15,60.48501,21.48111254833721,64.06716417910448,2332.1421641791044,False
2019-07-16,61.59259,20.665266402410545,63.6806331471136,2563.681121495327,False
2019-07-17,61.22955,19.71186011323204,64.47951582867783,2501.3912313432834,False
2019-07-18,61.063,20.13202104829052,64.87081784386618,2422.971799628943,False
2019-07-19,60.85826,20.439188327244363,66.11481481481482,2352.742486085343,False
2019-07-20,55.73159,20.87847046019565,65.32242990654206,2439.2405204460965,False
2019-07-21,50.57417,21.36708897245952,64.76923076923077,2388.368785046729,False
2019-07-22,59.84381,22.045995615391185,64.24812734082397,2391.977962962963,False
2019-07-23,61.65838,22.03274371095053,65.7987012987013,2375.162846580407,False
2019-07-24,62.1415,21.71207998179624,66.08333333333333,2421.6723562152133,False
2019-07-25,62.222730000000006,21.23710371603727,67.67039106145252,2347.6096118299447,False
2019-07-26,61.84631,20.780523422433745,66.95251396648045,2398.5109461966604,False
2019-07-27,56.9604,20.45487027904156,65.45555555555555,2457.83,False
2019-07-28,51.48942,20.80519631257497,65.12383612662943,2511.875276752767,False
2019-07-29,60.36893,21.69505996573451,63.605214152700185,2527.672777777778,False
2019-07-30,61.99848,22.02303019637181,63.500927643784784,2550.4103703703704,False
2019-07-31,62.19434,22.23205835690145,62.00185185185185,2727.26,False
2019-08-01,62.47717,22.871492362621307,59.88817005545287,2660.9979704797047,False
2019-08-02,63.05768,21.88531553833181,60.715341959334566,2498.278003696857,False
2019-08-03,56.54033,19.51875138000331,61.75650557620818,2557.1849721706863,False
2019-08-04,50.64183,18.77271494111083,64.07527881040892,2376.699072356216,False
2019-08-05,58.96648,19.354679037363645,66.6981308411215,2381.5106343283583,False
2019-08-06,60.51296,20.94566101478257,67.23551401869159,2380.5263940520445,False
2019-08-07,61.30093,22.21354864470727,65.07584269662921,2595.966728624536,False
2019-08-08,62.37677000000001,22.6279509620714,63.08598130841121,2627.243947858473,False
2019-08-09,63.01319,22.803495094728497,61.65819209039548,2669.0846441947565,False
2019-08-10,58.29641,22.292844913811667,62.04485981308411,2640.547026022305,False
2019-08-11,52.67881,22.42923862460244,61.577715355805246,2779.964112149533,False
2019-08-12,62.73439,23.88378498043506,60.07692307692308,2685.4199626865675,False
2019-08-13,63.80591,22.268120693920224,58.987827715355806,2835.873831775701,False
2019-08-14,62.55054,20.29818546239042,61.94934333958725,2586.8159176029963,False
2019-08-15,61.19592,20.614678814306306,61.38533834586466,2673.938836772983,False
2019-08-16,61.34002,21.59311375682625,59.50093808630394,2731.7271880819367,False
2019-08-17,56.69675,22.45836685256416,58.28330206378987,2738.487732342008,False
2019-08-18,52.22767,22.96808981861991,58.56238185255199,2597.9785310734464,False
2019-08-19,61.71306,22.098057513811035,61.83081285444234,2535.030970149254,False
2019-08-20,63.03247,21.948031144483696,63.398305084745765,2569.172097378277,False
2019-08-21,62.98389,21.916215127914302,63.12052730696799,2693.2898686679173,False
2019-08-22,62.71577,21.99544547275232,62.75519848771267,2694.192682926829,False
2019-08-23,62.38178,21.722248373649403,63.17897727272727,2630.0451127819547,False
2019-08-24,56.96858,21.63192585366843,61.38352272727273,2842.578799249531,False
2019-08-25,51.51639,22.12064381770753,60.21468926553672,2798.945046728972,False
2019-08-26,60.529720000000005,22.271421247449148,60.80056710775048,2686.391401869159,False
2019-08-27,62.20812,22.440615656332334,61.89543726235741,2654.1201506591337,False
2019-08-28,62.31203,22.803664810260926,60.56320754716981,2819.24063670412,False
2019-08-29,62.738,23.26155261192397,58.40607210626186,2837.474436090225,False
2019-08-30,63.55525,24.02712552754745,57.21037735849057,2888.741791044776,False
2019-08-31,58.97629,23.975762923424632,58.746212121212125,2733.5342696629214,False
2019-09-01,53.04745,22.87458127072589,63.17142857142857,2570.8584586466163,False
2019-09-02,61.77634,22.673567720526226,63.61268939393939,2786.554802259888,False
2019-09-03,63.93314,23.49542845660297,61.48771266540643,2839.688888888889,False
2019-09-04,64.37908999999999,23.455444735131028,60.39468690702088,2874.77,False
2019-09-05,63.96079,22.93537401232265,61.391304347826086,2639.6271698113205,False
2019-09-06,62.83714,22.757661312216307,63.39867424242424,2564.8443396226417,False
2019-09-07,55.05264,24.00483266702756,61.19201520912547,2734.6777358490567,True
2019-09-08,53.37625,25.09932726172321,58.29017013232514,2869.914097744361,False
2019-09-09,64.60315,25.693943049619943,55.81723484848485,3003.029080675422,False
2019-09-10,67.28005,25.629449746547014,55.00853889943074,2923.8125,False
2019-09-11,68.25946,25.62049615584782,56.336501901140686,2850.00263653484,False
2019-09-12,68.89795,25.15959850795403,57.35132575757576,2847.803605313093,False
2019-09-13,67.01901,24.38347686367739,59.49141221374046,2894.3244274809163,False
2019-09-14,61.11798,24.81065008647949,59.29467680608365,2837.772380952381,False
2019-09-15,56.151900000000005,25.80464513290448,56.72053231939164,2999.1676136363635,False
2019-09-16,66.95738,26.255721336841138,54.45566037735849,2975.5327067669173,False
2019-09-17,68.42912,25.26670183069146,55.78490566037736,2923.188909774436,False
2019-09-18,68.62742,25.07869973408214,57.12381852551985,2857.904896421845,False
2019-09-19,68.35141,25.63470016213412,57.54425612052731,2905.681285444234,False
2019-09-20,67.25535,25.46508853499049,58.174199623352166,2843.3686090225565,False
2019-09-21,61.063370000000006,24.533600582802823,60.5281425891182,2840.8810964083177,False
2019-09-22,54.61613,24.096904333018657,60.21939736346516,2907.864406779661,False
2019-09-23,62.673190000000005,23.03377971905099,60.45770676691729,2941.4278195488723,False
2019-09-24,64.18690000000001,23.138990291994705,60.882797731569,2872.0132325141776,False
2019-09-25,63.80677,22.68886856204283,64.93168880455408,2509.325471698113,False
2019-09-26,63.20359,22.69847334529869,67.5291902071563,2593.796622889306,False
2019-09-27,63.24299,23.429454464275054,63.14003759398496,3200.3849906191367,False
2019-09-28,58.52533,23.99161862544517,62.02251407129456,3044.743925233645,False
2019-09-29,53.15832,24.14465508211717,62.972744360902254,2917.62265917603,False
2019-09-30,63.16771,24.841129057084498,60.80112570356473,3162.426679104477,False
2019-10-01,66.31636,25.82329386643005,58.5140977443609,3192.73127340824,False
2019-10-02,67.50772,25.50525619815423,60.048022598870055,3001.5983177570097,False
2019-10-03,67.03847,24.888877998737875,62.52720450281426,3035.86,False
2019-10-04,66.90848,25.07710311002991,61.70471698113207,2995.5782771535582,False
2019-10-05,61.70965,24.69809778478338,63.63576779026217,2923.2086142322096,False
2019-10-06,55.2274,23.39733666652732,67.21106941838649,2746.49287054409,False
2019-10-07,64.02077,23.9830305062811,65.82236842105263,3005.7003731343284,False
2019-10-08,65.08168,24.21913163735757,65.5093984962406,2885.77046728972,False
2019-10-09,65.11692,24.54613277743625,64.4625468164794,3064.120297951583,False
2019-10-10,65.87489,24.97829866278831,62.37898686679174,3116.7413857677902,False
2019-10-11,66.90041000000001,25.67511644613396,60.83895131086143,3160.2624535315986,False
2019-10-12,59.27093,26.48801238755938,58.26070763500931,3349.1903345724904,True
2019-10-13,57.77192,26.62514898426296,57.32216014897579,3319.947211895911,False
2019-10-14,67.72091,25.2849867097256,60.655430711610485,3059.760223048327,False
2019-10-15,67.70716,24.69949723545604,63.09439252336448,2981.330740740741,False
2019-10-16,67.9305,24.766611146039363,63.47574626865672,2960.3478584729983,False
2019-10-17,69.09922999999999,25.50331970238388,61.96822429906542,3102.4940630797773,False
2019-10-18,69.27582000000001,25.739089825291888,61.27685185185185,3170.5387453874537,False
2019-10-19,62.84747,25.457809119742187,62.05730129390018,3239.810720887246,False
2019-10-20,55.72354,24.82433069522736,63.4760147601476,3019.2727941176468,False
2019-10-21,63.39401,23.199735488308526,71.02025782688766,2446.8170642201835,False
2019-10-22,64.49324,22.943088750991144,70.27818853974122,2923.476330275229,False
2019-10-23,65.545,23.99780309445823,67.13761467889908,3160.5936014625227,False
2019-10-24,66.6412,24.90892848781452,64.44852941176471,3211.0555758683727,False
2019-10-25,67.92733,25.59558623511952,62.00091743119266,3386.4617915904937,False
2019-10-26,62.7711,25.857056652957947,62.1139705882353,3297.647329650092,False
2019-10-27,57.95998,26.243068414829377,62.26709796672828,3155.804036697248,False
2019-10-28,67.4928,25.91239677992188,62.87361623616236,3288.714364640884,False
2019-10-29,70.07508,25.982864456672576,62.18173431734317,3224.426605504588,False
2019-10-30,71.06578,26.2453203032552,61.6595547309833,3255.970848708487,False
2019-10-31,70.25502,25.71179182803513,64.38425925925925,3070.4927911275418,False
2019-11-01,68.84356,25.73193399413713,64.30092592592592,3230.103142329021,False
2019-11-02,60.21107,26.07128784261063,63.76291512915129,3237.063235294117,True
2019-11-03,58.08549,25.884114578767445,64.10667903525047,3163.305893186004,False
2019-11-04,70.0512,26.436159184920925,63.63703703703704,3201.322242647059,False
2019-11-05,71.26529,26.56553729284758,63.68866171003717,3091.986136783734,False
2019-11-06,68.91169000000001,25.43371245212008,66.23041044776119,3124.740925925926,False
2019-11-07,68.15603,25.228409514392315,66.89044943820225,3017.7272727272725,False
2019-11-08,68.22758,25.29716867193874,67.11847014925372,3014.2987084870847,False
2019-11-09,63.10239,25.61467775666555,66.58598130841122,3109.565120593692,False
2019-11-10,57.61653,25.579368926039773,66.78584729981378,3037.0118959107804,False
2019-11-11,67.45599,25.841227857917666,64.70692883895131,3198.852690166976,False
2019-11-12,67.9561,25.425877283043828,65.04307116104869,3132.3908752327743,False
2019-11-13,68.13004,25.17436227956992,66.52621722846442,2860.104096834264,False
2019-11-14,67.22674,24.967624454025792,69.18890977443608,2749.9719626168226,False
2019-11-15,59.20776,24.87647310679106,67.44589552238806,2936.5202602230484,True
2019-11-16,57.66416,24.647174204242315,65.28200371057514,3199.7877777777776,False
2019-11-17,54.22288,24.47085146344383,65.87616387337057,3035.3092936802973,False
2019-11-18,64.30932,24.538749426388105,66.90316573556797,2910.3499075785585,False
2019-11-19,66.71368,25.088060900330905,65.8232044198895,3151.035845588235,False
2019-11-20,65.62001,25.137712278947184,66.37822878228782,3134.531365313653,False
2019-11-21,68.27405,25.30852789961966,64.98059149722735,3265.0546961325967,False
2019-11-22,68.94134,25.364007517874207,65.765625,3265.91336996337,False
2019-11-23,63.16374,25.338978800126352,66.36531365313652,3194.19304029304,False
2019-11-24,55.14821,24.53148027606425,66.94128440366973,3103.0126605504583,False
2019-11-25,64.52557,24.40389314489772,67.38511029411765,3151.748990825688,False
2019-11-26,66.78407000000001,24.455376724917496,70.78990825688074,2751.8076782449725,False
2019-11-27,67.32596,24.4468938495241,72.60733944954129,2703.713686131387,False
2019-11-28,66.67697,24.444814649657776,70.77614678899083,2942.489945155393,False
2019-11-29,66.11439999999999,24.767098941970097,69.3743119266055,3157.9195970695973,False
2019-11-30,62.18132,25.685034973656386,67.89338235294117,3187.839010989011,False
2019-12-01,56.80218,25.620118466914416,67.57247706422018,3249.5922935779818,False
2019-12-02,65.43027,24.909492170263736,66.87637362637362,3251.8714285714286,False
2019-12-03,66.05275,24.50288480914292,68.48994515539306,2991.0080291970803,False
2019-12-04,67.29978,24.569501192170872,71.54021937842779,2868.746252285192,False
2019-12-05,68.15187,24.855657470931497,70.70947176684882,2963.268306010929,False
2019-12-06,66.92173999999999,24.739931138665543,67.8485401459854,3154.818181818182,False
2019-12-07,61.38016,24.92974722068134,65.84818181818181,3289.253005464481,False
2019-12-08,55.8656,24.6643037936533,67.07559198542805,3098.449726775956,False
2019-12-09,66.04044,24.412696194242,70.71857923497268,2893.463818181818,False
2019-12-10,67.41873,24.837772166059768,70.32032667876588,2959.4945355191257,False
2019-12-11,67.83064999999999,25.17602986324163,69.41454545454546,3047.846823956443,False
2019-12-12,68.20991000000001,25.19021057070835,69.4065934065934,3057.4643510054843,False
2019-12-13,67.739,25.06727834622991,68.07404021937843,3259.932536764706,False
2019-12-14,62.16391,25.20874369161494,69.13443830570903,3077.465009208104,False
2019-12-15,57.45277,25.66345705083289,68.12939001848429,3164.1693014705884,False
2019-12-16,67.29231,25.255553839501665,67.90331491712708,3044.581868131868,False
2019-12-17,68.20305,24.76184403313545,68.84972170686457,2949.789724770642,False
2019-12-18,66.80079,24.904198784038453,68.52573529411765,3162.980402930403,False
2019-12-19,65.8538,25.11841761225629,69.00825688073394,3085.4600732600734,False
2019-12-20,65.78997,25.72852431722548,67.77665441176471,3280.134186471664,False
2019-12-21,61.6285,25.496692856415635,67.67064220183487,3083.324043715847,False
2019-12-22,56.911100000000005,25.219345239714915,66.3302752293578,3240.89927140255,False
2019-12-23,60.72077,24.930772121086097,65.75461254612546,3213.187568555759,False
2019-12-24,57.43275,25.40951498810269,65.84594095940959,3246.415539305301,False
2019-12-25,52.18861,26.004880318161646,65.52578268876611,3321.279487179487,True
2019-12-26,62.5272,26.137846788786888,65.9445471349353,3252.0494525547447,False
2019-12-27,64.73393,26.45056218691676,64.76617375231054,3415.8852189781023,False
2019-12-28,62.01825,26.22577923120432,65.49448529411765,3326.4266423357667,False
2019-12-29,58.49789,26.210007394820128,65.64907407407408,3306.7447706422017,False
2019-12-30,62.68547,25.865549152151164,66.84386617100371,3230.190239410681,False
2019-12-31,58.999950000000005,25.41291176089049,69.64722222222223,3119.100915750916,False
2020-01-01,53.407880000000006,25.22573974625725,71.41666666666667,3064.8996363636365,True
2020-01-02,61.21786,24.713042106877413,73.55801104972376,2838.966123188406,False
2020-01-03,61.49426,24.28484859645995,74.0425925925926,2842.395604395605,False
2020-01-04,58.20812,24.17948638597521,74.78743068391867,2789.7498181818182,False
2020-01-05,54.69349,24.46568709922977,73.10111317254174,3015.437591240876,False
2020-01-06,64.93162000000001,25.20670894897125,71.41682070240296,3081.344424131627,False
2020-01-13,68.48389,25.649024878718635,69.3440959409594,3224.45701107011,False
2020-01-14,69.56970999999999,25.654212199874447,68.90968342644321,3308.887245841035,False
2020-01-15,71.14566,26.272362009569644,67.87940630797773,3375.460661764706,False
2020-01-16,72.25095999999999,26.24551007532059,68.2449168207024,3204.663071297989,False
2020-01-17,68.88735000000001,25.04767139351986,71.28981481481482,2967.132906764168,False
2020-01-18,61.80547,25.03398301810013,70.71719038817005,3097.6165441176468,False
2020-01-19,56.9031,25.38679173656848,69.7778810408922,3188.3112546125462,False
2020-01-20,67.11292,25.45139201217293,69.90723562152134,3157.554862385321,False
2020-01-21,68.52103,24.982263929921647,72.30333951762523,2892.711070110701,False
2020-01-22,67.17453,24.04873737440011,76.36964618249534,2416.4725274725274,False
2020-01-23,65.70185000000001,23.355621144612048,80.17383177570093,2177.569981583794,False
2020-01-24,65.25202,23.8214303573892,77.29549718574108,2596.2594843462243,False
2020-01-25,60.55109,24.761945321613165,71.47378277153558,3107.5169741697414,False
2020-01-26,56.60294,25.17329193324653,70.18401486988847,3142.969890510949,False
2020-01-27,68.04701,25.34011181918003,70.12174721189591,3105.91376146789,False
2020-01-28,70.1544,25.16792133754849,71.33673469387755,3161.030642201835,False
2020-01-29,70.68414999999999,25.16482011961031,72.92178770949721,3086.343093922652,False
2020-01-30,70.91400999999999,25.32093992710397,72.5158878504673,3046.909576427256,False
2020-01-31,70.78197999999999,25.366190773767965,71.54119850187266,3227.15073800738,False
2020-02-01,64.67678,25.479586562075333,70.52443609022556,3307.2372222222225,False
2020-02-02,58.55597,25.37983425654813,72.25563909774436,3106.5291821561336,False
2020-02-03,68.30594,25.09642871274457,73.07142857142857,3184.375373134328,False
2020-02-04,69.07150999999999,24.77268456255651,74.24624060150376,3085.235754189944,False
2020-02-05,69.07194,24.7033188892974,74.85902255639098,2984.862661737523,False
2020-02-06,68.83666000000001,24.59506803781664,75.07397003745318,2969.852495378928,False
2020-02-13,66.96764,24.48454092943151,72.31749049429658,3081.9691588785045,False
2020-02-14,68.23522,25.14129330709544,70.57924528301886,3183.743599257885,False
2020-02-15,64.29504,25.501606416682623,70.52636534839925,3134.785899814472,False
2020-02-16,59.96838,25.79988057677176,70.20188679245283,3276.9981447124305,False
2020-02-17,71.29502000000001,26.00247425320897,70.70527306967985,3200.9794063079776,False
2020-02-18,73.46889999999999,25.95453704100397,71.4773156899811,3094.30925925926,False
2020-02-19,72.95549000000001,25.40868147087973,72.12405303030303,3165.112104283054,False
2020-02-20,72.23302000000001,25.07906205064417,72.26603773584905,3082.6996261682243,False
2020-02-21,69.44618,24.364623979537114,73.48393194706995,2854.192883895131,False
2020-02-22,60.55732,23.5568771948866,72.2784090909091,2952.1596261682243,False
2020-02-23,54.085370000000005,23.57827536161222,72.78166351606805,2982.673271028037,False
2020-02-24,59.6775,24.385564869004742,73.54857142857144,2864.805838041431,False
2020-02-25,60.89211,25.04356997691653,73.75047619047619,2876.056741573034,True
2020-02-26,65.93072000000001,24.68434038623548,74.34799235181644,2889.60718336484,True
2020-02-27,66.83828,24.20702435545744,71.77958015267176,3090.6950850661624,False
2020-02-28,65.92784,24.04155739292532,72.69179389312977,2833.607706766917,False
2020-02-29,60.73654,24.133832266373275,73.08380952380952,2894.53477443609,False
2020-03-01,54.98328,24.132100427389712,72.08030592734225,3090.466165413534,False
2020-03-02,64.02064,23.66705989589474,73.57809523809524,2863.224436090225,False
2020-03-03,65.55779000000001,23.805777567058044,73.28448275862068,2943.605492424242,False
2020-03-04,66.57836,24.29565345163424,71.4263862332696,3073.6336466165417,False
2020-03-05,67.00589,24.259964289785497,70.88314176245211,3103.8861480075902,False
2020-03-06,66.41986999999999,23.94819795463007,71.52969348659003,2984.1024621212123,False
2020-03-13,71.10038,25.573582625865768,68.88314176245211,3113.2399239543724,False
2020-03-14,65.14661,25.589054048313148,68.64739884393063,3076.865209125476,False
2020-03-15,59.42646,25.15036723028482,70.33172147001935,2919.9687022900766,False
2020-03-16,69.13083,24.700740871764584,72.05105973025049,2966.7695817490494,False
2020-03-17,69.87097,25.19594963753612,70.65,3164.6574427480914,False
2020-03-18,69.68127,25.31210794657289,72.26112185686654,3006.610476190476,False
2020-03-19,68.37708,24.963235525192,73.80576923076923,2858.638593155893,False
2020-03-20,66.32338,24.10012328472021,75.04720616570327,2695.308761904762,False
2020-03-21,58.92925,23.83316699060768,74.51547388781431,2765.675238095238,False
2020-03-22,53.99167,24.20054468858589,72.41329479768787,2945.378544061303,False
2020-03-23,60.00099,24.15698454651673,71.07803468208093,3039.3107279693486,False
2020-03-24,59.68822,23.65474321914508,71.02312138728324,2925.141266794626,False
2020-03-25,59.10059,23.521864078737963,70.66763005780346,3020.945681381958,False
2020-03-26,59.16139,23.734706405328765,69.67471042471043,3023.4055449330785,False
2020-03-27,59.29777,24.00111746901197,70.16859344894027,3028.948183556405,False
2020-03-28,56.93683,24.43177713707573,71.45472061657033,2862.773282442748,False
2020-03-29,53.64378,24.515837654107973,74.24034749034749,2827.645817490494,False
2020-03-30,59.30591,24.80860784150316,72.75965250965251,2972.956925996205,False
2020-03-31,60.40836,25.08851526582612,71.64932562620425,2984.208969465649,False
2020-04-01,60.394760000000005,25.19844200049134,71.0927734375,2932.359961685824,False
2020-04-02,60.96757,25.28740133352696,71.33980582524272,2835.2201923076923,False
2020-04-03,60.21373,24.37769725112329,69.59574468085107,2955.5359615384614,False
2020-04-04,55.37151,23.756129002330848,68.20445736434108,3072.517466410749,False
2020-04-05,52.58464,24.57200313491616,68.79708737864078,2947.995969289827,False
2020-04-06,59.38317,24.841288887146973,71.62718446601941,2699.077203065134,False
2020-04-13,56.34992,23.40019191469569,71.64912280701755,2772.3771037182,False
2020-04-14,56.90324,22.195304215189072,76.04696673189824,2317.1830078125,False
2020-04-15,56.64336,21.37471200541212,72.76817288801571,2518.811811023622,False
2020-04-16,56.39348,21.75835993671611,71.1027397260274,2664.47397260274,False
2020-04-17,56.23725,22.07928144205401,72.33497053045187,2646.575,False
2020-04-18,52.71397,22.2049770847129,73.7451171875,2522.523001949318,False
2020-04-19,49.2749,22.484675928521582,73.5813725490196,2626.0634050880626,False
2020-04-20,54.25065,22.81533492110021,71.8921568627451,2730.7828125,False
2020-04-21,53.22606,22.827544354752416,71.0956607495069,2748.7156126482214,True
2020-04-22,57.14845,22.834147316054025,70.74901185770752,2759.160980392157,False
2020-04-23,57.44027,22.81733464017104,71.01584158415841,2699.132142857143,False
2020-04-24,57.84932,23.021656449449253,70.6438492063492,2719.956719367589,False
2020-04-25,54.19248,23.516908398058693,69.67693836978131,2751.2657425742573,False
2020-04-26,50.91524,23.630935133060696,69.37675350701403,2676.854653465347,False
2020-04-27,57.323260000000005,23.06863460376719,70.0,2665.163,False
2020-04-28,58.32633,23.025559986009423,68.84569138276554,2739.906387225549,False
2020-04-29,58.75006,23.04976128276619,68.064,2725.867395626243,False
2020-04-30,58.710800000000006,22.97146704416233,66.87749003984064,2753.3005952380954,False
2020-05-01,53.0895,22.85631045123711,67.52304609218437,2637.1697628458496,True
2020-05-02,52.58881,22.665256392740908,67.61290322580645,2737.4152173913044,False
2020-05-03,49.74428,22.294426695740768,67.3225806451613,2759.8606786427144,False
2020-05-04,56.56505,22.21536448774448,67.15314401622717,2658.5068,False
2020-05-05,58.29658,22.382093135627947,69.70833333333333,2387.913426853708,False
2020-05-06,58.83128,21.87805553722416,71.84451219512195,2224.945362903225,False
2020-05-13,58.5574,22.1013368258556,74.56057494866529,2145.678585858586,False
2020-05-14,58.50214,21.692694729429284,74.28220858895706,2243.372580645161,False
2020-05-15,57.62504,20.95739416948705,74.72633744855968,2224.1507099391483,False
2020-05-16,53.4348,21.16074424939421,72.15816326530613,2406.486206896552,False
2020-05-17,49.31878,21.4654136319508,69.77180527383368,2494.7280241935487,False
2020-05-18,56.59285,21.94856145780519,68.83673469387755,2554.492943548388,False
2020-05-19,58.10206,22.170965707886594,69.78818737270876,2428.1915151515154,False
2020-05-20,58.51424,22.530478189938453,70.78703703703704,2406.8217922606923,False
2020-05-21,58.705760000000005,22.656902379399494,71.83402489626556,2271.1630612244894,False
2020-05-22,58.66171,22.67826517856326,74.3097713097713,2114.317886178862,False
2020-05-23,54.45967,20.99079940803922,76.165625,2047.956822810591,False
2020-05-24,49.32318,19.645519815019444,76.51855670103093,1993.9688391038696,False
2020-05-25,54.39116,19.641426312564445,71.72736625514403,2462.5151329243354,False
2020-05-26,56.18825,19.36948533537029,68.8125,2524.8312757201647,False
2020-05-27,56.60376,19.231278923566364,66.175983436853,2678.9659793814435,False
2020-05-28,56.962590000000006,19.81482311022192,66.08385093167702,2527.8804928131417,False
2020-05-29,56.49421,20.054351714837388,65.76136363636364,2480.978893442623,False
2020-05-30,52.74839,20.13493336503787,66.7360248447205,2471.096900826446,False
2020-05-31,48.927150000000005,20.359082656370227,67.89583333333333,2367.026804123712,False
2020-06-01,55.73596,20.204131891051954,70.12759336099585,2319.574226804124,False
2020-06-02,57.41577,19.92772092759136,72.63513513513513,2247.7637681159417,False
2020-06-03,58.19246,20.77057438205584,73.56818181818181,2247.113347022588,False
2020-06-04,59.01548,21.60578357106269,75.55578947368421,2053.7565488565488,False
2020-06-05,58.64464,21.89793884806343,75.99474789915966,2046.5097510373444,False
2020-06-06,54.64801,21.114436122055864,74.546875,2170.080785123967,False
2020-06-13,54.68912,22.420480690084176,67.26155462184875,2351.371635610766,False
2020-06-14,50.01417,20.72474375012142,69.00949367088607,2308.04769874477,False
2020-06-15,56.91036,20.58955290903841,71.80105263157894,2189.984518828452,False
2020-06-16,58.06986,21.473840551376792,71.39834024896265,2259.194409937888,False
2020-06-17,57.93552,21.491406304859435,70.49168399168398,2220.655186721992,False
2020-06-18,58.07616,21.533565826754053,69.15416666666667,2310.815320910973,False
2020-06-19,58.18393,21.7771812393448,68.92797494780794,2321.3774327122155,False
